,_id,name,category_code,number_of_employees,founded_year,total_money_raised,geoDescription,latitude,longitude,city,country,number of offices near,money by offices,employee by offices,Rank_employee,Rank_money,Rank_offices,ranking_total
0,5dd655028accc5aeaf32f7f6,Groupon,tech,10000.0,2008,114999999999,"{'type': 'Point', 'coordinates': [-87.643622, 41.8965162]}",41.8965162,-87.643622,Chicago,USA,9,12777777777.666666,1126.6666666666667,322.5,328.0,151.0,516.3000000000001
1,5dd655028accc5aeaf32f6fb,Zynga,tech,115.0,2007,860000000,"{'type': 'Point', 'coordinates': [-122.404234, 37.765158]}",37.765158,-122.404234,San Francisco,USA,81,10617283.950617284,52.148148148148145,221.0,315.0,322.0,513.4000000000001
2,5dd655028accc5aeaf32f6d3,Ooyala,tech,300.0,2007,122000000,"{'type': 'Point', 'coordinates': [-122.084171, 37.386665]}",37.386665,-122.084171,Mountain View,USA,18,6777777.777777778,54.05555555555556,278.5,304.0,215.0,496.3
3,5dd655028accc5aeaf32f8dd,Sunrun,tech,180.0,2007,337000000,"{'type': 'Point', 'coordinates': [-122.4041075, 37.7871306]}",37.7871306,-122.4041075,San Francisco,USA,80,4212500.0,52.575,251.0,285.0,292.0,495.40000000000003
4,5dd655028accc5aeaf32f8b6,HootSuite,social,370.0,2008,190000000,"{'type': 'Point', 'coordinates': [-123.0952381, 49.2851733]}",49.2851733,-123.0952381,Vancouver,CAN,6,31666666.666666668,78.5,307.5,324.0,128.0,494.9
5,5dd655028accc5aeaf32f72d,eSolar,tech,140.0,2007,192000000,"{'type': 'Point', 'coordinates': [-118.153136, 34.146436]}",34.146436,-118.153136,Pasadena,USA,4,48000000.0,128.25,317.5,326.0,88.5,486.7
6,5dd655028accc5aeaf32f71e,ShareThis,social,80.0,2007,82900000,"{'type': 'Point', 'coordinates': [-122.0872274, 37.4203945]}",37.4203945,-122.0872274,Palo Alto,USA,17,4876470.588235294,56.588235294117645,288.5,289.0,205.5,486.5
7,5dd655028accc5aeaf32f6c9,Dropbox,tech,350.0,2007,257000000,"{'type': 'Point', 'coordinates': [-122.4084994, 37.7909427]}",37.7909427,-122.4084994,San Francisco,USA,80,3212500.0,52.575,251.0,272.0,292.0,485.00000000000006
8,5dd655028accc5aeaf32f6dc,OpenX,tech,305.0,2008,75500000,"{'type': 'Point', 'coordinates': [-118.1327468, 34.1494713]}",34.1494713,-118.1327468,Pasadena,USA,4,18875000.0,128.25,317.5,322.0,88.5,483.5
9,5dd655028accc5aeaf32f783,Zendesk,tech,400.0,2007,85500000,"{'type': 'Point', 'coordinates': [12.568116, 55.676294]}",55.676294,12.568116,San Francisco,USA,3,28500000.0,169.33333333333334,320.5,323.0,64.5,476.50000000000006
10,5dd655028accc5aeaf32f84a,Klout,social,79.0,2008,40000000,"{'type': 'Point', 'coordinates': [-118.2474287, 34.0497638]}",34.0497638,-118.2474287,San Francisco,USA,5,8000000.0,89.4,311.5,307.0,106.5,475.1
11,5dd655028accc5aeaf32f6ce,Ustream,tech,250.0,2007,60100000,"{'type': 'Point', 'coordinates': [-122.07948, 37.392936]}",37.392936,-122.07948,San Francisco,USA,18,3338888.888888889,54.05555555555556,278.5,274.0,215.0,472.3
12,5dd655028accc5aeaf32f725,Perfect Market,tech,60.0,2007,30600000,"{'type': 'Point', 'coordinates': [-118.153136, 34.146436]}",34.146436,-118.153136,Pasadena,USA,4,7650000.0,128.25,317.5,306.0,88.5,470.7
13,5dd655028accc5aeaf32f7fd,ResearchGate,social,74.0,2008,35000000,"{'type': 'Point', 'coordinates': [13.3842605, 52.5308516]}",52.5308516,13.3842605,Berlin,DEU,7,5000000.0,62.857142857142854,299.5,291.0,141.0,468.9
14,5dd655028accc5aeaf32f720,Magento,tech,275.0,2010,22500000,"{'type': 'Point', 'coordinates': [-118.243425, 34.052187]}",34.052187,-118.243425,Los Angeles,USA,5,4500000.0,89.4,311.5,287.0,106.5,459.1
15,5dd655028accc5aeaf32f727,Glassdoor,tech,180.0,2007,91500000,"{'type': 'Point', 'coordinates': [-122.500111, 37.868002]}",37.868002,-122.500111,Sausalito,USA,2,45750000.0,96.0,315.0,325.0,23.5,458.4
16,5dd655028accc5aeaf32f814,Trustpilot,tech,100.0,2007,18400000,"{'type': 'Point', 'coordinates': [12.5605372, 55.6739617]}",55.6739617,12.5605372,Copenhagen V,DNK,3,6133333.333333333,169.33333333333334,320.5,299.0,64.5,457.3
17,5dd655028accc5aeaf32f7af,Yammer,enterprise,400.0,2008,142000000,"{'type': 'Point', 'coordinates': [-122.4179223, 37.776246]}",37.776246,-122.4179223,San Francisco,USA,80,1775000.0,52.575,251.0,234.5,292.0,455.00000000000006
18,5dd655028accc5aeaf32f7da,Yammer,enterprise,400.0,2008,142000000,"{'type': 'Point', 'coordinates': [-122.4179223, 37.776246]}",37.776246,-122.4179223,San Francisco,USA,80,1775000.0,52.575,251.0,234.5,292.0,455.00000000000006
19,5dd655028accc5aeaf32f7bf,Inadco,tech,30.0,2008,17000000,"{'type': 'Point', 'coordinates': [-87.626718, 41.889832]}",41.889832,-87.626718,Palo Alto,USA,7,2428571.4285714286,1446.0,325.0,254.5,141.0,455.0
20,5dd655028accc5aeaf32f7ea,Inadco,tech,30.0,2008,17000000,"{'type': 'Point', 'coordinates': [-87.626718, 41.889832]}",41.889832,-87.626718,Palo Alto,USA,7,2428571.4285714286,1446.0,325.0,254.5,141.0,455.0
21,5dd655028accc5aeaf32f904,Tiny Speck,tech,45.0,2009,17200000,"{'type': 'Point', 'coordinates': [-123.109217, 49.2824551]}",49.2824551,-123.109217,Vancouver,CAN,6,2866666.6666666665,78.5,307.5,268.0,128.0,450.09999999999997
22,5dd655028accc5aeaf32f852,Kaazing,enterprise,50.0,2007,37000000,"{'type': 'Point', 'coordinates': [-122.0797269, 37.3941256]}",37.3941256,-122.0797269,Mountain View,USA,18,2055555.5555555555,54.05555555555556,278.5,243.0,215.0,447.5
23,5dd655028accc5aeaf32f8b2,HyTrust,security,55.0,2008,34500000,"{'type': 'Point', 'coordinates': [-122.099454, 37.393836]}",37.393836,-122.099454,Mountain View,USA,18,1916666.6666666667,54.05555555555556,278.5,240.0,215.0,445.1
24,5dd655028accc5aeaf32f8b1,Brandsclub,tech,140.0,2009,17000000,"{'type': 'Point', 'coordinates': [-46.6388182, -23.5489433]}",-23.5489433,-46.6388182,Sao Paulo,BRA,2,8500000.0,95.0,314.0,308.0,23.5,444.2
25,5dd655028accc5aeaf32f857,Vocalocity,tech,175.0,2007,17100000,"{'type': 'Point', 'coordinates': [-84.3675617, 33.7812614]}",33.7812614,-84.3675617,Atlanta,USA,3,5700000.0,62.333333333333336,298.0,296.0,64.5,441.40000000000003
26,5dd655028accc5aeaf32f88c,Gridstore,tech,31.0,2009,25000000,"{'type': 'Point', 'coordinates': [-122.0884286, 37.4189073]}",37.4189073,-122.0884286,Mountain View,USA,18,1388888.888888889,58.44444444444444,292.0,223.0,215.0,439.6
27,5dd655028accc5aeaf32f837,Twilio,enterprise,100.0,2007,104000000,"{'type': 'Point', 'coordinates': [-122.4006831, 37.7898499]}",37.7898499,-122.4006831,San Francisco,USA,80,1300000.0,52.575,251.0,214.0,292.0,438.6
28,5dd655028accc5aeaf32f71a,Zuora,tech,250.0,2007,128000000,"{'type': 'Point', 'coordinates': [-122.2709868, 37.5596277]}",37.5596277,-122.2709868,Foster City,USA,9,14222222.222222222,49.0,200.5,320.0,151.0,436.70000000000005
29,5dd655028accc5aeaf32f738,GitHub,tech,106.0,2008,100000000,"{'type': 'Point', 'coordinates': [-122.419204, 37.775196]}",37.775196,-122.419204,San Francisco,USA,80,1250000.0,52.575,251.0,211.0,292.0,436.2
30,5dd655028accc5aeaf32f704,GumGum,tech,55.0,2007,10800000,"{'type': 'Point', 'coordinates': [-118.243425, 34.052187]}",34.052187,-118.243425,Santa Monica,USA,5,2160000.0,89.4,311.5,248.0,106.5,427.90000000000003
31,5dd655028accc5aeaf32f78e,Prezi,tech,110.0,2009,14300000,"{'type': 'Point', 'coordinates': [19.059078, 47.490346]}",47.490346,19.059078,Budapest,HUN,2,7150000.0,56.0,287.0,305.0,23.5,425.59999999999997
32,5dd655028accc5aeaf32f74c,Knewton,education,145.0,2008,105000000,"{'type': 'Point', 'coordinates': [-74.0078134, 40.7310476]}",40.7310476,-74.0078134,New York,USA,42,2500000.0,50.0,206.0,258.0,237.0,424.8
33,5dd655028accc5aeaf32f906,Jelli,enterprise,12.0,2008,16600000,"{'type': 'Point', 'coordinates': [-122.321836, 37.55909]}",37.55909,-122.321836,San Mateo,USA,13,1276923.076923077,59.53846153846154,295.0,213.0,188.0,422.59999999999997
34,5dd655028accc5aeaf32f7ff,Cloudera,enterprise,230.0,2008,141000000,"{'type': 'Point', 'coordinates': [-122.3497546, 37.5783417]}",37.5783417,-122.3497546,Palo Alto,USA,9,15666666.666666666,44.666666666666664,174.0,321.0,151.0,421.6
35,5dd655028accc5aeaf32f6e3,Polyvore,tech,73.0,2007,22100000,"{'type': 'Point', 'coordinates': [-122.083487, 37.386175]}",37.386175,-122.083487,Mountain View,USA,18,1227777.7777777778,54.05555555555556,278.5,210.0,215.0,421.1
36,5dd655028accc5aeaf32f7a4,Lyft,tech,180.0,2007,82500000,"{'type': 'Point', 'coordinates': [-122.4007846, 37.7899027]}",37.7899027,-122.4007846,San Francisco,USA,80,1031250.0,52.575,251.0,190.5,292.0,419.8
37,5dd655028accc5aeaf32f7dd,Lyft,tech,180.0,2007,82500000,"{'type': 'Point', 'coordinates': [-122.4007846, 37.7899027]}",37.7899027,-122.4007846,San Francisco,USA,80,1031250.0,52.575,251.0,190.5,292.0,419.8
38,5dd655028accc5aeaf32f722,babbel,education,205.0,2007,10000000,"{'type': 'Point', 'coordinates': [13.38861, 52.4897]}",52.4897,13.38861,Berlin,DEU,6,1666666.6666666667,72.5,304.5,232.0,128.0,419.5
39,5dd655028accc5aeaf32f86e,Fortumo,tech,45.0,2007,10000000,"{'type': 'Point', 'coordinates': [26.7212208, 58.3754107]}",58.3754107,26.7212208,Tartu,EST,2,5000000.0,57.5,290.5,291.0,23.5,416.5
40,5dd655028accc5aeaf32f746,SocialVibe,tech,80.0,2007,43900000,"{'type': 'Point', 'coordinates': [-118.3826743, 34.0815238]}",34.0815238,-118.3826743,Los Angeles,USA,5,8780000.0,47.4,192.0,309.0,106.5,405.0
41,5dd655028accc5aeaf32f72a,Bonobos,tech,150.0,2007,74700000,"{'type': 'Point', 'coordinates': [-73.9954585, 40.7384997]}",40.7384997,-73.9954585,New York,USA,45,1660000.0,47.51111111111111,196.0,231.0,251.5,403.0
42,5dd655028accc5aeaf32f782,Minted,tech,115.0,2007,52700000,"{'type': 'Point', 'coordinates': [-122.403175, 37.797435]}",37.797435,-122.403175,San Francisco,USA,80,658750.0,52.575,251.0,169.0,292.0,402.6
43,5dd655028accc5aeaf32f800,Vuclip,tech,100.0,2008,27000000,"{'type': 'Point', 'coordinates': [-121.918642, 37.406027]}",37.406027,-121.918642,Milpitas,USA,3,9000000.0,51.666666666666664,213.5,310.0,64.5,401.90000000000003
44,5dd655028accc5aeaf32f8e9,Moviepilot,tech,43.0,2007,7000000,"{'type': 'Point', 'coordinates': [13.398504, 52.4947266]}",52.4947266,13.398504,Berlin,DEU,6,1166666.6666666667,72.5,304.5,207.0,128.0,399.5
45,5dd655028accc5aeaf32f8a5,Ranker,tech,12.0,2008,5100000,"{'type': 'Point', 'coordinates': [-118.325739, 34.1012181]}",34.1012181,-118.325739,Los Angeles,USA,2,2550000.0,67.5,301.0,261.0,23.5,398.79999999999995
46,5dd655028accc5aeaf32f792,Ocarina Networks,tech,50.0,2007,20000000,"{'type': 'Point', 'coordinates': [-121.920558, 37.371056]}",37.371056,-121.920558,San Jose,USA,3,6666666.666666667,51.666666666666664,213.5,302.5,64.5,395.90000000000003
47,5dd655028accc5aeaf32f88e,Simulmedia,tech,35.0,2009,57300000,"{'type': 'Point', 'coordinates': [-73.994797, 40.727216]}",40.727216,-73.994797,New York,USA,42,1364285.7142857143,50.0,206.0,221.0,237.0,395.2
48,5dd655028accc5aeaf32f8f6,Omni-ID,tech,22.0,2007,23000000,"{'type': 'Point', 'coordinates': [-122.270487, 37.561111]}",37.561111,-122.270487,Foster City,USA,9,2555555.5555555555,49.0,200.5,262.0,151.0,390.30000000000007
49,5dd655028accc5aeaf32f898,SCVNGR,tech,60.0,2008,40800000,"{'type': 'Point', 'coordinates': [-71.0680027, 42.3406534]}",42.3406534,-71.0680027,Boston,USA,9,4533333.333333333,41.55555555555556,164.0,288.0,151.0,389.20000000000005
50,5dd655028accc5aeaf32f745,Sometrics,tech,35.0,2007,5550000,"{'type': 'Point', 'coordinates': [-118.251343, 34.048857]}",34.048857,-118.251343,El Segundo,USA,5,1110000.0,89.4,311.5,198.0,106.5,387.90000000000003
51,5dd655028accc5aeaf32f789,ngmoco,tech,150.0,2008,44800000,"{'type': 'Point', 'coordinates': [-122.4015807, 37.7705096]}",37.7705096,-122.4015807,San Francisco,USA,81,553086.4197530864,52.148148148148145,221.0,152.0,322.0,383.0
52,5dd655028accc5aeaf32f6e5,Whiskey Media,tech,12.0,2007,4000000,"{'type': 'Point', 'coordinates': [-122.495222, 37.856331]}",37.856331,-122.495222,San Francisco,USA,3,1333333.3333333333,72.33333333333333,303.0,217.0,64.5,381.2
53,5dd655028accc5aeaf32f6d9,hulu,tech,153.0,2007,100000000,"{'type': 'Point', 'coordinates': [-118.456806, 34.031276]}",34.031276,-118.456806,Los Angeles,USA,15,6666666.666666667,27.0,102.0,302.5,192.5,380.2
54,5dd655028accc5aeaf32f740,Fixya,tech,30.0,2013,8000000,"{'type': 'Point', 'coordinates': [-122.323895, 37.566879]}",37.566879,-122.323895,San Mateo,USA,13,615384.6153846154,59.53846153846154,295.0,159.0,188.0,379.4
55,5dd655028accc5aeaf32f717,Jivox,tech,60.0,2007,25600000,"{'type': 'Point', 'coordinates': [-122.288006, 37.555962]}",37.555962,-122.288006,Redwood City,USA,10,2560000.0,44.4,171.5,263.0,161.0,377.70000000000005
56,5dd655028accc5aeaf32f70b,Bleacher Report,sports,22.0,2007,40500000,"{'type': 'Point', 'coordinates': [-122.395792, 37.776467]}",37.776467,-122.395792,San Francisco,USA,81,500000.0,52.148148148148145,221.0,144.0,322.0,376.6
57,5dd655028accc5aeaf32f8d6,Topsy Labs,tech,45.0,2007,35200000,"{'type': 'Point', 'coordinates': [-122.419204, 37.775196]}",37.775196,-122.419204,San Francisco,USA,80,440000.0,52.575,251.0,136.0,292.0,376.2
58,5dd655028accc5aeaf32f731,Mojiva,tech,105.0,2008,45800000,"{'type': 'Point', 'coordinates': [-73.998662, 40.7185614]}",40.7185614,-73.998662,New York,USA,42,1090476.1904761905,50.0,206.0,197.0,237.0,376.00000000000006
59,5dd655028accc5aeaf32f70f,99designs,tech,100.0,2008,35000000,"{'type': 'Point', 'coordinates': [-122.4005983, 37.7955307]}",37.7955307,-122.4005983,San Francisco,USA,80,437500.0,52.575,251.0,134.0,292.0,374.6
60,5dd655028accc5aeaf32f7fb,Sailthru,public_relations,85.0,2008,48000000,"{'type': 'Point', 'coordinates': [-74.008159, 40.738143]}",40.738143,-74.008159,New York,USA,45,1066666.6666666667,47.51111111111111,196.0,192.0,251.5,371.80000000000007
61,5dd655028accc5aeaf32f771,Lat49,tech,24.0,2007,3800000,"{'type': 'Point', 'coordinates': [-123.120893, 49.275332]}",49.275332,-123.120893,"Vancouver, BC",CAN,6,633333.3333333334,78.5,307.5,164.0,128.0,366.90000000000003
62,5dd655028accc5aeaf32f8b0,betaworks,social,10.0,2007,41800000,"{'type': 'Point', 'coordinates': [-74.00721, 40.74034]}",40.74034,-74.00721,New York,USA,45,928888.8888888889,47.51111111111111,196.0,185.0,251.5,366.20000000000005
63,5dd655028accc5aeaf32f8d5,Vaultive,security,25.0,2009,11000000,"{'type': 'Point', 'coordinates': [-74.011114, 40.707954]}",40.707954,-74.011114,New York,USA,26,423076.92307692306,54.92307692307692,285.0,130.0,228.0,366.2
64,5dd655028accc5aeaf32f748,Bizo,tech,66.0,2008,28500000,"{'type': 'Point', 'coordinates': [-122.4011706, 37.7911186]}",37.7911186,-122.4011706,San Francisco,USA,80,356250.0,52.575,251.0,122.0,292.0,365.0
65,5dd655028accc5aeaf32f759,Yield Software,tech,13.0,2007,6000000,"{'type': 'Point', 'coordinates': [-122.302654, 37.558245]}",37.558245,-122.302654,San Mateo,USA,13,461538.46153846156,59.53846153846154,295.0,139.0,188.0,363.4
66,5dd655028accc5aeaf32f863,Change Healthcare,health,70.0,2007,30800000,"{'type': 'Point', 'coordinates': [-86.782056, 36.158887]}",36.158887,-86.782056,Brentwood,USA,3,10266666.666666666,35.333333333333336,143.0,314.0,64.5,362.8
67,5dd655028accc5aeaf32f764,New Relic,tech,63.0,2008,175000000,"{'type': 'Point', 'coordinates': [-119.306607, 37.269175]}",37.269175,-119.306607,San Francisco,USA,3,58333333.333333336,30.666666666666668,121.5,327.0,64.5,360.3
68,5dd655028accc5aeaf32f821,ZeroTurnaround,tech,70.0,2007,2700000,"{'type': 'Point', 'coordinates': [26.731054, 58.3820542]}",58.3820542,26.731054,Tartu,USA,2,1350000.0,57.5,290.5,219.5,23.5,359.29999999999995
69,5dd655028accc5aeaf32f74f,Modern Feed,tech,123.0,2007,3000000,"{'type': 'Point', 'coordinates': [-118.343791, 34.085749]}",34.085749,-118.343791,Los Angeles,USA,3,1000000.0,71.66666666666667,302.0,187.5,64.5,357.0
70,5dd655028accc5aeaf32f8b8,Basho Technologies,tech,110.0,2007,29900000,"{'type': 'Point', 'coordinates': [-71.092285, 42.365867]}",42.365867,-71.092285,Cambridge,USA,12,2491666.6666666665,32.833333333333336,131.5,256.0,183.0,356.9
71,5dd655028accc5aeaf32f6dd,Scribd,news,50.0,2007,25800000,"{'type': 'Point', 'coordinates': [-122.404052, 37.789634]}",37.789634,-122.404052,San Francisco,USA,80,322500.0,52.575,251.0,111.0,292.0,356.20000000000005
72,5dd655028accc5aeaf32f778,plista,tech,100.0,2008,3800000,"{'type': 'Point', 'coordinates': [13.4124563, 52.5283614]}",52.5283614,13.4124563,Berlin,DEU,7,542857.1428571428,62.857142857142854,299.5,149.0,141.0,355.29999999999995
73,5dd655028accc5aeaf32f711,Innovid,tech,40.0,2007,27600000,"{'type': 'Point', 'coordinates': [-73.99873, 40.722655]}",40.722655,-73.99873,New York,USA,42,657142.8571428572,50.0,206.0,168.0,237.0,352.8
74,5dd655028accc5aeaf32f6cd,Cloudant,enterprise,70.0,2008,18300000,"{'type': 'Point', 'coordinates': [-71.05781, 42.35892]}",42.35892,-71.05781,Boston,USA,9,2033333.3333333333,41.55555555555556,164.0,242.0,151.0,352.4
75,5dd655028accc5aeaf32f767,NewsCred,tech,70.0,2008,21800000,"{'type': 'Point', 'coordinates': [6.124424, 46.223157]}",46.223157,6.124424,New York,USA,2,10900000.0,37.5,146.5,317.0,23.5,350.9
76,5dd655028accc5aeaf32f6cf,Yola,tech,70.0,2007,25000000,"{'type': 'Point', 'coordinates': [-122.3954751, 37.7911148]}",37.7911148,-122.3954751,San Francisco,USA,80,312500.0,52.575,251.0,104.0,292.0,350.6
77,5dd655028accc5aeaf32f794,Conductor,tech,55.0,2007,33600000,"{'type': 'Point', 'coordinates': [-73.982596, 40.746332]}",40.746332,-73.982596,New York,USA,46,730434.7826086957,46.23913043478261,180.0,171.0,261.0,349.20000000000005
78,5dd655028accc5aeaf32f6cb,TokBox,tech,55.0,2007,26000000,"{'type': 'Point', 'coordinates': [-122.39071, 37.779507]}",37.779507,-122.39071,San Francisco,USA,81,320987.65432098764,52.148148148148145,221.0,109.0,322.0,348.6
79,5dd655028accc5aeaf32f867,WordStream,tech,90.0,2007,16300000,"{'type': 'Point', 'coordinates': [-71.056605, 42.354257]}",42.354257,-71.056605,Boston,USA,9,1811111.111111111,41.55555555555556,164.0,236.0,151.0,347.6
80,5dd655028accc5aeaf32f7ac,StudioNow,tech,18.0,2007,15300000,"{'type': 'Point', 'coordinates': [-86.796377, 36.13996]}",36.13996,-86.796377,Nashville,USA,3,5100000.0,35.333333333333336,143.0,294.5,64.5,347.20000000000005
81,5dd655028accc5aeaf32f7d5,StudioNow,tech,18.0,2007,15300000,"{'type': 'Point', 'coordinates': [-86.796377, 36.13996]}",36.13996,-86.796377,Nashville,USA,3,5100000.0,35.333333333333336,143.0,294.5,64.5,347.20000000000005
82,5dd655028accc5aeaf32f7f3,Smule,music,55.0,2008,25500000,"{'type': 'Point', 'coordinates': [-122.391236, 37.779624]}",37.779624,-122.391236,San Francisco,USA,81,314814.81481481483,52.148148148148145,221.0,106.0,322.0,346.20000000000005
83,5dd655028accc5aeaf32f70e,crowdSPRING,tech,14.0,2007,3000000,"{'type': 'Point', 'coordinates': [-87.657354, 41.88583]}",41.88583,-87.657354,Chicago,USA,9,333333.3333333333,1126.6666666666667,322.5,115.0,151.0,345.9
84,5dd655028accc5aeaf32f788,Huddler,tech,52.0,2007,22800000,"{'type': 'Point', 'coordinates': [-122.4013624, 37.7893215]}",37.7893215,-122.4013624,San Francisco,USA,80,285000.0,52.575,251.0,96.0,292.0,344.20000000000005
85,5dd655028accc5aeaf32f6de,Mahalo,tech,40.0,2007,21000000,"{'type': 'Point', 'coordinates': [-118.487267, 34.017606]}",34.017606,-118.487267,Culver City,USA,11,1909090.9090909092,35.09090909090909,139.0,239.0,173.0,343.8
86,5dd655028accc5aeaf32f78b,Medialets,tech,60.0,2008,28400000,"{'type': 'Point', 'coordinates': [-73.986951, 40.756054]}",40.756054,-73.986951,New York,USA,45,631111.1111111111,46.71111111111111,187.0,163.0,251.5,343.20000000000005
87,5dd655028accc5aeaf32f8e2,Gravity,tech,12.0,2009,20600000,"{'type': 'Point', 'coordinates': [-118.489681, 34.007967]}",34.007967,-118.489681,Santa Monica,USA,11,1872727.2727272727,35.09090909090909,139.0,237.0,173.0,342.2
88,5dd655028accc5aeaf32f7e4,Spectrum Bridge,tech,32.0,2007,23300000,"{'type': 'Point', 'coordinates': [-81.334464, 28.757202]}",28.757202,-81.334464,Lake Mary,USA,2,11650000.0,32.0,129.5,318.5,23.5,341.9
89,5dd655028accc5aeaf32f7ba,Spectrum Bridge,tech,32.0,2007,23300000,"{'type': 'Point', 'coordinates': [-81.334464, 28.757202]}",28.757202,-81.334464,Lake Mary,USA,2,11650000.0,32.0,129.5,318.5,23.5,341.9
90,5dd655028accc5aeaf32f7b0,Where I've Been,travel,9.0,2007,1750000,"{'type': 'Point', 'coordinates': [-87.686634, 41.916619]}",41.916619,-87.686634,Chicago,USA,4,437500.0,2508.0,327.5,134.0,88.5,339.09999999999997
91,5dd655028accc5aeaf32f7d9,Where I've Been,travel,9.0,2007,1750000,"{'type': 'Point', 'coordinates': [-87.686634, 41.916619]}",41.916619,-87.686634,Chicago,USA,4,437500.0,2508.0,327.5,134.0,88.5,339.09999999999997
92,5dd655028accc5aeaf32f747,Transpera,tech,20.0,2007,19500000,"{'type': 'Point', 'coordinates': [-122.405081, 37.785792]}",37.785792,-122.405081,San Francisco,USA,80,243750.0,52.575,251.0,89.5,292.0,339.0
93,5dd655028accc5aeaf32f8c8,CubeTree,enterprise,12.0,2008,11500000,"{'type': 'Point', 'coordinates': [-122.232217, 37.487259]}",37.487259,-122.232217,Redwood City,USA,2,5750000.0,38.5,151.5,297.0,23.5,337.9
94,5dd655028accc5aeaf32f85a,Skout,social,100.0,2007,22000000,"{'type': 'Point', 'coordinates': [-122.3912492, 37.7800539]}",37.7800539,-122.3912492,San Francisco,USA,81,271604.93827160494,52.148148148148145,221.0,94.0,322.0,336.6
95,5dd655028accc5aeaf32f81f,iChange,health,8.0,2008,1830000,"{'type': 'Point', 'coordinates': [-118.149767, 34.144926]}",34.144926,-118.149767,Pasadena,USA,4,457500.0,128.25,317.5,138.0,88.5,336.29999999999995
96,5dd655028accc5aeaf32f743,Stitcher,tech,17.0,2008,18700000,"{'type': 'Point', 'coordinates': [-122.419204, 37.775196]}",37.775196,-122.419204,San Francisco,USA,80,233750.0,52.575,251.0,86.0,292.0,336.2
97,5dd655028accc5aeaf32f797,Integrate,tech,120.0,2010,34800000,"{'type': 'Point', 'coordinates': [-74.0353787, 40.7481039]}",40.7481039,-74.0353787,Scottsdale,USA,39,892307.6923076923,41.41025641025641,160.5,182.5,232.5,335.3
98,5dd655028accc5aeaf32f7c5,Integrate,tech,120.0,2010,34800000,"{'type': 'Point', 'coordinates': [-74.0353787, 40.7481039]}",40.7481039,-74.0353787,Scottsdale,USA,39,892307.6923076923,41.41025641025641,160.5,182.5,232.5,335.3
99,5dd655028accc5aeaf32f716,Next New Networks,tech,121.0,2007,27100000,"{'type': 'Point', 'coordinates': [-73.983626, 40.743808]}",40.743808,-73.983626,New York,USA,47,576595.7446808511,45.680851063829785,178.0,153.0,264.0,334.8
100,5dd655028accc5aeaf32f88b,Jama Software,tech,103.0,2007,13000000,"{'type': 'Point', 'coordinates': [-122.68038, 45.5309644]}",45.5309644,-122.68038,Portland,USA,4,3250000.0,34.0,134.5,273.0,88.5,334.5
101,5dd655028accc5aeaf32f719,Skydeck,tech,9.0,2012,4000000,"{'type': 'Point', 'coordinates': [-122.3254705, 37.5645375]}",37.5645375,-122.3254705,Palo Alto,USA,13,307692.3076923077,59.53846153846154,295.0,102.0,188.0,333.8
102,5dd655028accc5aeaf32f8a6,Tongal,tech,8.0,2009,16000000,"{'type': 'Point', 'coordinates': [-118.489748, 34.007112]}",34.007112,-118.489748,Santa Monica,USA,11,1454545.4545454546,35.09090909090909,139.0,224.0,173.0,331.8
103,5dd655028accc5aeaf32f6c2,Seesmic,tech,13.0,2007,16000000,"{'type': 'Point', 'coordinates': [-122.419204, 37.775196]}",37.775196,-122.419204,San Francisco,USA,80,200000.0,52.575,251.0,80.0,292.0,331.4
104,5dd655028accc5aeaf32f862,Talari Networks,enterprise,60.0,2009,45100000,"{'type': 'Point', 'coordinates': [-121.949417, 37.317735]}",37.317735,-121.949417,San Jose,USA,5,9020000.0,23.8,65.0,311.0,106.5,330.40000000000003
105,5dd655028accc5aeaf32f7e7,Inuvo,tech,50.0,2009,4200000,"{'type': 'Point', 'coordinates': [-82.702449, 27.913011]}",27.913011,-82.702449,Clearwater,USA,2,2100000.0,50.0,206.0,246.0,23.5,329.79999999999995
106,5dd655028accc5aeaf32f7c3,Inuvo,tech,50.0,2009,4200000,"{'type': 'Point', 'coordinates': [-82.702449, 27.913011]}",27.913011,-82.702449,Clearwater,USA,2,2100000.0,50.0,206.0,246.0,23.5,329.79999999999995
107,5dd655028accc5aeaf32f832,expressor software,tech,35.0,2007,29100000,"{'type': 'Point', 'coordinates': [-71.211568, 42.485102]}",42.485102,-71.211568,Burlington,USA,3,9700000.0,25.333333333333332,89.0,313.0,64.5,329.6
108,5dd655028accc5aeaf32f785,Kontagent,tech,80.0,2007,17500000,"{'type': 'Point', 'coordinates': [-122.4020593, 37.7797255]}",37.7797255,-122.4020593,San Francisco,USA,81,216049.38271604938,52.148148148148145,221.0,84.0,322.0,328.6
109,5dd655028accc5aeaf32f8d9,Hara,enterprise,60.0,2008,45000000,"{'type': 'Point', 'coordinates': [-122.169472, 37.48413]}",37.48413,-122.169472,San Mateo,USA,12,3750000.0,22.5,51.0,281.0,183.0,328.6
110,5dd655028accc5aeaf32f6cc,SodaHead,tech,25.0,2007,12700000,"{'type': 'Point', 'coordinates': [-119.306607, 37.269175]}",37.269175,-119.306607,Encino,USA,3,4233333.333333333,30.666666666666668,121.5,286.0,64.5,327.5
111,5dd655028accc5aeaf32f749,Sonico,social,84.0,2007,6000000,"{'type': 'Point', 'coordinates': [-58.417309, -34.611781]}",-34.611781,-58.417309,Buenos Aires,ARG,2,3000000.0,44.0,170.0,270.0,23.5,327.4
112,5dd655028accc5aeaf32f6f6,Widgetbox,other,30.0,2012,14500000,"{'type': 'Point', 'coordinates': [-122.398599, 37.798853]}",37.798853,-122.398599,San Francisco,USA,80,181250.0,52.575,251.0,75.0,292.0,327.4
113,5dd655028accc5aeaf32f838,MediaMath,tech,125.0,2007,26900000,"{'type': 'Point', 'coordinates': [-73.9763479, 40.756799]}",40.756799,-73.9763479,New York,USA,43,625581.3953488372,43.30232558139535,168.0,162.0,242.0,327.2
114,5dd655028accc5aeaf32f7ad,GoodGuide,tech,10.0,2007,14200000,"{'type': 'Point', 'coordinates': [-122.4000032, 37.7983181]}",37.7983181,-122.4000032,San Francisco,USA,80,177500.0,52.575,251.0,73.5,292.0,326.20000000000005
115,5dd655028accc5aeaf32f7d7,GoodGuide,tech,10.0,2007,14200000,"{'type': 'Point', 'coordinates': [-122.4000032, 37.7983181]}",37.7983181,-122.4000032,San Francisco,USA,80,177500.0,52.575,251.0,73.5,292.0,326.20000000000005
116,5dd655028accc5aeaf32f8b7,ExtraHop Networks,enterprise,50.0,2007,19100000,"{'type': 'Point', 'coordinates': [-122.361239, 47.6209107]}",47.6209107,-122.361239,Seattle,USA,11,1736363.6363636365,30.09090909090909,116.5,233.0,173.0,325.5
117,5dd655028accc5aeaf32f7e1,ConnectSolutions,enterprise,50.0,2007,10000000,"{'type': 'Point', 'coordinates': [-122.347745, 37.580093]}",37.580093,-122.347745,San Francisco,USA,9,1111111.111111111,44.666666666666664,174.0,199.5,151.0,324.4
118,5dd655028accc5aeaf32f7bb,ConnectSolutions,enterprise,50.0,2007,10000000,"{'type': 'Point', 'coordinates': [-122.347745, 37.580093]}",37.580093,-122.347745,San Francisco,USA,9,1111111.111111111,44.666666666666664,174.0,199.5,151.0,324.4
119,5dd655028accc5aeaf32f6f9,Roost,tech,15.0,2007,13500000,"{'type': 'Point', 'coordinates': [-122.4020276, 37.7891288]}",37.7891288,-122.4020276,San Francisco,USA,80,168750.0,52.575,251.0,69.0,292.0,322.6
120,5dd655028accc5aeaf32f815,Eyeview,tech,19.0,2007,19400000,"{'type': 'Point', 'coordinates': [-71.1993106, 42.4898278]}",42.4898278,-71.1993106,New York,USA,3,6466666.666666667,25.333333333333332,89.0,300.5,64.5,319.6
121,5dd655028accc5aeaf32f81d,SureSpeak,tech,8.0,2007,1600000,"{'type': 'Point', 'coordinates': [-87.632519, 41.889183]}",41.889183,-87.632519,Chicago,USA,7,228571.42857142858,1446.0,325.0,85.0,141.0,319.4
122,5dd655028accc5aeaf32f6fc,Heroku,enterprise,80.0,2007,13000000,"{'type': 'Point', 'coordinates': [-122.419204, 37.775196]}",37.775196,-122.419204,San Francisco,USA,80,162500.0,52.575,251.0,65.0,292.0,319.4
123,5dd655028accc5aeaf32f710,LiveRail,tech,110.0,2008,12000000,"{'type': 'Point', 'coordinates': [-122.397759, 37.787183]}",37.787183,-122.397759,San Francisco,USA,80,150000.0,52.575,251.0,63.0,292.0,317.8
124,5dd655028accc5aeaf32f793,Hunch,tech,23.0,2007,19200000,"{'type': 'Point', 'coordinates': [-73.993182, 40.741179]}",40.741179,-73.993182,New York,USA,46,417391.3043478261,46.58695652173913,181.5,129.0,261.0,316.5
125,5dd655028accc5aeaf32f802,RiseSmart,enterprise,100.0,2007,12600000,"{'type': 'Point', 'coordinates': [-122.012808, 37.383526]}",37.383526,-122.012808,San Jose,USA,5,2520000.0,28.6,109.5,260.0,106.5,316.3
126,5dd655028accc5aeaf32f880,AppZero,tech,50.0,2009,15100000,"{'type': 'Point', 'coordinates': [-71.1469003, 42.6751888]}",42.6751888,-71.1469003,Andover,USA,3,5033333.333333333,25.666666666666668,91.5,293.0,64.5,315.1
127,5dd655028accc5aeaf32f854,CrowdFlower,enterprise,49.0,2007,13200000,"{'type': 'Point', 'coordinates': [-122.4204782, 37.7652755]}",37.7652755,-122.4204782,San Francisco,USA,81,162962.96296296295,52.148148148148145,221.0,66.0,322.0,314.20000000000005
128,5dd655028accc5aeaf32f798,Sharethrough,tech,80.0,2008,11000000,"{'type': 'Point', 'coordinates': [-122.4018163, 37.7976785]}",37.7976785,-122.4018163,San Francisco,USA,80,137500.0,52.575,251.0,58.0,292.0,313.8
129,5dd655028accc5aeaf32f80a,BrightScope,finance,70.0,2008,5900000,"{'type': 'Point', 'coordinates': [-117.2117395, 32.873081]}",32.873081,-117.2117395,San Diego,USA,2,2950000.0,38.0,148.0,269.0,23.5,313.4
130,5dd655028accc5aeaf32f6c1,Livestream,tech,120.0,2007,14700000,"{'type': 'Point', 'coordinates': [-73.995625, 40.726155]}",40.726155,-73.995625,New York,USA,42,350000.0,50.0,206.0,118.5,237.0,313.20000000000005
131,5dd655028accc5aeaf32f6e2,Disqus,tech,43.0,2007,10500000,"{'type': 'Point', 'coordinates': [-122.397672, 37.786906]}",37.786906,-122.397672,San Francisco,USA,80,131250.0,52.575,251.0,56.0,292.0,312.20000000000005
132,5dd655028accc5aeaf32f888,Viridity Software,tech,22.0,2008,15000000,"{'type': 'Point', 'coordinates': [-71.1986329, 42.4871509]}",42.4871509,-71.1986329,Burlington,USA,3,5000000.0,25.333333333333332,89.0,291.0,64.5,312.0
133,5dd655028accc5aeaf32f89c,GameChanger Media,tech,20.0,2009,3640000,"{'type': 'Point', 'coordinates': [-74.0136605, 40.7078343]}",40.7078343,-74.0136605,New York,USA,25,145600.0,54.92,284.0,62.0,227.0,310.8
134,5dd655028accc5aeaf32f85d,Meez,tech,21.0,2009,10200000,"{'type': 'Point', 'coordinates': [-122.397582, 37.785271]}",37.785271,-122.397582,San Francisco,USA,80,127500.0,52.575,251.0,54.0,292.0,310.6
135,5dd655028accc5aeaf32f734,Strutta,tech,12.0,2007,1600000,"{'type': 'Point', 'coordinates': [-123.1078045, 49.2821075]}",49.2821075,-123.1078045,Vancouver,CAN,6,266666.6666666667,78.5,307.5,92.5,128.0,309.7
136,5dd655028accc5aeaf32f6d0,KIT digital,enterprise,200.0,2008,20000000,"{'type': 'Point', 'coordinates': [-73.971655, 40.751816]}",40.751816,-73.971655,New York,USA,43,465116.27906976745,43.30232558139535,168.0,140.0,242.0,309.6
137,5dd655028accc5aeaf32f866,Ginger Software,tech,50.0,2007,11700000,"{'type': 'Point', 'coordinates': [-71.2344601, 42.4352222]}",42.4352222,-71.2344601,Lexington,USA,2,5850000.0,27.0,102.0,298.0,23.5,309.0
138,5dd655028accc5aeaf32f77d,Posterous,tech,9.0,2008,10100000,"{'type': 'Point', 'coordinates': [-122.419204, 37.775196]}",37.775196,-122.419204,San Francisco,USA,80,126250.0,52.575,251.0,52.0,292.0,309.0
139,5dd655028accc5aeaf32f77e,trueAnthem,tech,10.0,2008,7480000,"{'type': 'Point', 'coordinates': [-122.4099154, 37.8059887]}",37.8059887,-122.4099154,San Francisco,USA,77,97142.85714285714,54.506493506493506,282.5,41.0,266.5,308.90000000000003
140,5dd655028accc5aeaf32f8e0,ClickFuel,tech,20.0,2009,9000000,"{'type': 'Point', 'coordinates': [-71.0680027, 42.3406534]}",42.3406534,-71.0680027,Burlington,USA,9,1000000.0,41.55555555555556,164.0,187.5,151.0,308.79999999999995
141,5dd655028accc5aeaf32f74b,ScribbleLive,enterprise,45.0,2008,12000000,"{'type': 'Point', 'coordinates': [-79.406775, 43.64308]}",43.64308,-79.406775,Toronto,CAN,5,2400000.0,28.0,106.5,252.5,106.5,308.5
142,5dd655028accc5aeaf32f839,Movirtu,tech,50.0,2008,5500000,"{'type': 'Point', 'coordinates': [-0.1815999, 51.5499708]}",51.5499708,-0.1815999,London,GBR,4,1375000.0,40.5,159.0,222.0,88.5,308.4
143,5dd655028accc5aeaf32f8a9,Chartbeat,tech,50.0,2009,14500000,"{'type': 'Point', 'coordinates': [-73.990967, 40.73343]}",40.73343,-73.990967,New York,USA,45,322222.22222222225,47.51111111111111,196.0,110.0,251.5,306.2
144,5dd655028accc5aeaf32f847,Wealthfront,finance,20.0,2008,30500000,"{'type': 'Point', 'coordinates': [-122.1490582, 37.4459832]}",37.4459832,-122.1490582,Palo Alto,USA,16,1906250.0,23.625,60.5,238.0,198.0,305.9
145,5dd655028accc5aeaf32f7c1,Purewire,enterprise,40.0,2007,4750000,"{'type': 'Point', 'coordinates': [-84.380568, 33.852384]}",33.852384,-84.380568,Atlanta,USA,2,2375000.0,40.0,156.5,250.5,23.5,303.7
146,5dd655028accc5aeaf32f7b5,Purewire,enterprise,40.0,2007,4750000,"{'type': 'Point', 'coordinates': [-84.380568, 33.852384]}",33.852384,-84.380568,Atlanta,USA,2,2375000.0,40.0,156.5,250.5,23.5,303.7
147,5dd655028accc5aeaf32f6d4,Zivity,tech,16.0,2007,8000000,"{'type': 'Point', 'coordinates': [-122.397593, 37.789488]}",37.789488,-122.397593,San Francisco,USA,80,100000.0,52.575,251.0,42.0,292.0,301.0
148,5dd655028accc5aeaf32f74e,Zecter,tech,8.0,2007,2520000,"{'type': 'Point', 'coordinates': [-122.087712, 37.384756]}",37.384756,-122.087712,Burlingame,USA,18,140000.0,54.05555555555556,278.5,59.5,215.0,300.7
149,5dd655028accc5aeaf32f893,SpaBooker,tech,42.0,2007,14700000,"{'type': 'Point', 'coordinates': [-73.987199, 40.738567]}",40.738567,-73.987199,New York,USA,46,319565.2173913043,46.58695652173913,181.5,108.0,261.0,299.70000000000005
150,5dd655028accc5aeaf32f752,GreenNote,tech,65.0,2007,4200000,"{'type': 'Point', 'coordinates': [-122.227765, 37.492685]}",37.492685,-122.227765,Mather,USA,2,2100000.0,38.5,151.5,246.0,23.5,297.09999999999997
151,5dd655028accc5aeaf32f855,5th Finger,tech,50.0,2008,7000000,"{'type': 'Point', 'coordinates': [-122.4021988, 37.7900992]}",37.7900992,-122.4021988,San Francisco,USA,80,87500.0,52.575,251.0,37.0,292.0,297.0
152,5dd655028accc5aeaf32f88f,Optify,tech,45.0,2008,10800000,"{'type': 'Point', 'coordinates': [-122.333359, 47.603364]}",47.603364,-122.333359,Seattle,USA,10,1080000.0,31.3,126.0,196.0,161.0,296.8
153,5dd655028accc5aeaf32f6df,GoingOn,tech,40.0,2008,8500000,"{'type': 'Point', 'coordinates': [-122.392142, 37.782263]}",37.782263,-122.392142,San Francisco,USA,81,104938.27160493827,52.148148148148145,221.0,44.0,322.0,296.6
154,5dd655028accc5aeaf32f7c6,LockerDome,social,27.0,2008,8090000,"{'type': 'Point', 'coordinates': [-90.2598684, 38.6501668]}",38.6501668,-90.2598684,St. Louis,USA,2,4045000.0,27.0,102.0,282.5,23.5,296.59999999999997
155,5dd655028accc5aeaf32f799,LockerDome,social,27.0,2008,8090000,"{'type': 'Point', 'coordinates': [-90.2598684, 38.6501668]}",38.6501668,-90.2598684,St. Louis,USA,2,4045000.0,27.0,102.0,282.5,23.5,296.59999999999997
156,5dd655028accc5aeaf32f901,Fliptop,enterprise,16.0,2010,6790000,"{'type': 'Point', 'coordinates': [-122.419209, 37.775206]}",37.775206,-122.419209,San Francisco,USA,80,84875.0,52.575,251.0,36.0,292.0,296.20000000000005
157,5dd655028accc5aeaf32f6f7,Livemocha,education,35.0,2007,19400000,"{'type': 'Point', 'coordinates': [-122.1914274, 47.6399006]}",47.6399006,-122.1914274,Seattle,USA,3,6466666.666666667,21.666666666666668,49.0,300.5,64.5,295.6
158,5dd655028accc5aeaf32f70d,Evri,news,35.0,2007,11800000,"{'type': 'Point', 'coordinates': [-122.347533, 47.620716]}",47.620716,-122.347533,Seattle,USA,11,1072727.2727272727,30.09090909090909,116.5,195.0,173.0,295.09999999999997
159,5dd655028accc5aeaf32f730,Shopflick,tech,10.0,2007,8000000,"{'type': 'Point', 'coordinates': [-118.419067, 34.044939]}",34.044939,-118.419067,Los Angeles,USA,7,1142857.142857143,31.714285714285715,128.0,202.0,141.0,294.80000000000007
160,5dd655028accc5aeaf32f757,Crowd Science,tech,25.0,2007,2000000,"{'type': 'Point', 'coordinates': [-122.087471, 37.419041]}",37.419041,-122.087471,San Jose,USA,17,117647.05882352941,56.588235294117645,288.5,47.0,205.5,292.9
161,5dd655028accc5aeaf32f853,JAZD Markets,tech,20.0,2008,8000000,"{'type': 'Point', 'coordinates': [-71.1455618, 42.6555302]}",42.6555302,-71.1455618,Andover,USA,3,2666666.6666666665,25.666666666666668,91.5,265.0,64.5,292.7
162,5dd655028accc5aeaf32f864,KODA,tech,15.0,2008,4500000,"{'type': 'Point', 'coordinates': [-122.40971, 37.788796]}",37.788796,-122.40971,San Francisco,USA,80,56250.0,52.575,251.0,30.0,292.0,291.4
163,5dd655028accc5aeaf32f6f3,TravelMuse,tech,11.0,2007,5600000,"{'type': 'Point', 'coordinates': [-122.117418, 37.402802]}",37.402802,-122.117418,New York,USA,21,266666.6666666667,51.285714285714285,211.5,92.5,224.5,290.7
164,5dd655028accc5aeaf32f8be,MyEdu,education,20.0,2009,18700000,"{'type': 'Point', 'coordinates': [-97.750154, 30.288159]}",30.288159,-97.750154,Austin,USA,5,3740000.0,17.6,39.5,280.0,106.5,290.3
165,5dd655028accc5aeaf32f755,appssavvy,tech,20.0,2008,10200000,"{'type': 'Point', 'coordinates': [-73.996876, 40.724604]}",40.724604,-73.996876,New York,USA,42,242857.14285714287,50.0,206.0,88.0,237.0,288.8
166,5dd655028accc5aeaf32f7bd,Lolapps,tech,65.0,2008,4000000,"{'type': 'Point', 'coordinates': [-122.3999719, 37.7870923]}",37.7870923,-122.3999719,San Francisco,USA,80,50000.0,52.575,251.0,25.5,292.0,287.8
167,5dd655028accc5aeaf32f761,Serious Business,tech,22.0,2008,4000000,"{'type': 'Point', 'coordinates': [-122.4013624, 37.7893215]}",37.7893215,-122.4013624,San Francisco,USA,80,50000.0,52.575,251.0,25.5,292.0,287.8
168,5dd655028accc5aeaf32f7e6,Lolapps,tech,65.0,2008,4000000,"{'type': 'Point', 'coordinates': [-122.3999719, 37.7870923]}",37.7870923,-122.3999719,San Francisco,USA,80,50000.0,52.575,251.0,25.5,292.0,287.8
169,5dd655028accc5aeaf32f739,RepairPal,tech,25.0,2007,21300000,"{'type': 'Point', 'coordinates': [-122.296411, 37.838225]}",37.838225,-122.296411,Emeryville,USA,2,10650000.0,18.0,42.5,316.0,23.5,287.7
170,5dd655028accc5aeaf32f78a,AdScale,tech,40.0,2007,6150000,"{'type': 'Point', 'coordinates': [11.5893956, 48.1654212]}",48.1654212,11.5893956,Munich,DEU,2,3075000.0,27.0,102.0,271.0,23.5,287.4
171,5dd655028accc5aeaf32f6d6,Crunchyroll,tech,50.0,2008,4800000,"{'type': 'Point', 'coordinates': [-122.393229, 37.781265]}",37.781265,-122.393229,San Francisco,USA,81,59259.25925925926,52.148148148148145,221.0,31.0,322.0,286.20000000000005
172,5dd655028accc5aeaf32f6ea,GameLayers,tech,5.0,2007,2000000,"{'type': 'Point', 'coordinates': [-122.402468, 37.803847]}",37.803847,-122.402468,San Francisco,USA,77,25974.025974025975,54.506493506493506,282.5,11.0,266.5,284.90000000000003
173,5dd655028accc5aeaf32f765,Jinni,tech,35.0,2008,8100000,"{'type': 'Point', 'coordinates': [34.7595, 32.0554]}",32.0554,34.7595,Tel Aviv,ISR,6,1350000.0,26.5,96.0,219.5,128.0,284.40000000000003
174,5dd655028accc5aeaf32f8da,Sofa Labs,social,5.0,2009,1200000,"{'type': 'Point', 'coordinates': [-122.3229235, 37.5646055]}",37.5646055,-122.3229235,San Mateo,USA,13,92307.69230769231,59.53846153846154,295.0,40.0,188.0,284.2
175,5dd655028accc5aeaf32f7f7,Reframe It,tech,10.0,2007,3180000,"{'type': 'Point', 'coordinates': [-122.400591, 37.782163]}",37.782163,-122.400591,San Francisco,USA,80,39750.0,52.575,251.0,20.0,292.0,283.4
176,5dd655028accc5aeaf32f83e,Silver Tail Systems,tech,90.0,2008,22100000,"{'type': 'Point', 'coordinates': [-122.143368, 37.4280877]}",37.4280877,-122.143368,Menlo Park,USA,19,1163157.894736842,21.894736842105264,50.0,205.0,222.5,283.0
177,5dd655028accc5aeaf32f6fd,Lookery,tech,9.0,2007,3150000,"{'type': 'Point', 'coordinates': [-122.403865, 37.788266]}",37.788266,-122.403865,San Francisco,USA,80,39375.0,52.575,251.0,19.0,292.0,282.6
178,5dd655028accc5aeaf32f784,Allvoices,news,10.0,2008,3040000,"{'type': 'Point', 'coordinates': [-122.401942, 37.791068]}",37.791068,-122.401942,San Francisco,USA,80,38000.0,52.575,251.0,18.0,292.0,281.8
179,5dd655028accc5aeaf32f78c,Videoplaza,tech,70.0,2007,15900000,"{'type': 'Point', 'coordinates': [-0.1020894, 51.5212481]}",51.5212481,-0.1020894,London,GBR,18,883333.3333333334,25.11111111111111,84.0,181.0,215.0,281.20000000000005
180,5dd655028accc5aeaf32f8a8,tracx,tech,40.0,2008,7900000,"{'type': 'Point', 'coordinates': [34.7595, 32.0554]}",32.0554,34.7595,New York,USA,6,1316666.6666666667,26.5,96.0,215.0,128.0,280.8
181,5dd655028accc5aeaf32f8c6,drchrono,medical,50.0,2009,4130000,"{'type': 'Point', 'coordinates': [-122.0933053, 37.4202074]}",37.4202074,-122.0933053,Mountain View,USA,21,196666.66666666666,51.285714285714285,211.5,79.0,224.5,279.9
182,5dd655028accc5aeaf32f843,Coveroo,tech,28.0,2008,3800000,"{'type': 'Point', 'coordinates': [-122.407603, 37.770067]}",37.770067,-122.407603,San Francisco,USA,81,46913.58024691358,52.148148148148145,221.0,23.0,322.0,279.8
183,5dd655028accc5aeaf32f876,PaperG,tech,50.0,2008,2700000,"{'type': 'Point', 'coordinates': [-122.406111, 37.7905948]}",37.7905948,-122.406111,San Francisco,USA,80,33750.0,52.575,251.0,15.0,292.0,279.4
184,5dd655028accc5aeaf32f87e,L4 Mobile,tech,25.0,2008,4800000,"{'type': 'Point', 'coordinates': [-122.2049192, 47.676762]}",47.676762,-122.2049192,Seattle,USA,2,2400000.0,30.0,113.0,252.5,23.5,279.2
185,5dd655028accc5aeaf32f708,fotopedia,news,17.0,2008,12700000,"{'type': 'Point', 'coordinates': [2.350987, 48.856667]}",48.856667,2.350987,Paris,FRA,11,1154545.4545454546,24.727272727272727,77.5,204.0,173.0,278.90000000000003
186,5dd655028accc5aeaf32f77c,Genbook,tech,12.0,2007,2200000,"{'type': 'Point', 'coordinates': [-122.4007791, 37.789902]}",37.789902,-122.4007791,San Francisco,USA,80,27500.0,52.575,251.0,12.0,292.0,277.0
187,5dd655028accc5aeaf32f77b,Open Places,tech,3.0,2008,1100000,"{'type': 'Point', 'coordinates': [-122.398379, 37.758352]}",37.758352,-122.398379,San Francisco,USA,79,13924.050632911392,53.278481012658226,275.0,6.0,268.0,277.0
188,5dd655028accc5aeaf32f841,Clikthrough,tech,5.0,2007,2000000,"{'type': 'Point', 'coordinates': [-122.4022856, 37.7965781]}",37.7965781,-122.4022856,San Francisco,USA,80,25000.0,52.575,251.0,10.0,292.0,275.4
189,5dd655028accc5aeaf32f8cd,Glympse,tech,20.0,2008,7500000,"{'type': 'Point', 'coordinates': [-122.3350847, 47.6220245]}",47.6220245,-122.3350847,Seattle,USA,11,681818.1818181818,30.09090909090909,116.5,170.0,173.0,275.09999999999997
190,5dd655028accc5aeaf32f825,Fanminder,tech,11.0,2008,1000000,"{'type': 'Point', 'coordinates': [-122.1151274, 37.3792486]}",37.3792486,-122.1151274,San Francisco,USA,15,66666.66666666667,55.8,286.0,33.0,192.5,275.0
191,5dd655028accc5aeaf32f803,AlphaClone,finance,2.0,2008,1400000,"{'type': 'Point', 'coordinates': [-122.403073, 37.79023]}",37.79023,-122.403073,San Francisco,USA,80,17500.0,52.575,251.0,9.0,292.0,274.6
192,5dd655028accc5aeaf32f775,My Damn Channel,tech,10.0,2007,8660000,"{'type': 'Point', 'coordinates': [-73.988543, 40.754762]}",40.754762,-73.988543,New York,USA,45,192444.44444444444,46.71111111111111,187.0,77.0,251.5,274.40000000000003
193,5dd655028accc5aeaf32f89b,Kapitall,finance,15.0,2008,7300000,"{'type': 'Point', 'coordinates': [-73.9983139, 40.720391]}",40.720391,-73.9983139,New York,USA,42,173809.52380952382,50.0,206.0,70.0,237.0,274.4
194,5dd655028accc5aeaf32f808,DocVerse,tech,5.0,2007,1300000,"{'type': 'Point', 'coordinates': [-122.397141, 37.788115]}",37.788115,-122.397141,San Francisco,USA,80,16250.0,52.575,251.0,8.0,292.0,273.8
195,5dd655028accc5aeaf32f8a3,Z2Live,tech,130.0,2009,6500000,"{'type': 'Point', 'coordinates': [-122.3399782, 47.6103008]}",47.6103008,-122.3399782,Seattle,USA,10,650000.0,31.3,126.0,166.0,161.0,272.8
196,5dd655028accc5aeaf32f6ed,Uversity,social,30.0,2007,10200000,"{'type': 'Point', 'coordinates': [-95.712891, 37.09024]}",37.09024,-95.712891,None,USA,3,3400000.0,18.333333333333332,44.5,275.0,64.5,272.5
197,5dd655028accc5aeaf32f8ce,Helpful Technologies,tech,17.0,2008,18700000,"{'type': 'Point', 'coordinates': [-80.1510951, 26.2032036]}",26.2032036,-80.1510951,Ft. Lauderdale,USA,2,9350000.0,12.0,19.5,312.0,23.5,270.7
198,5dd655028accc5aeaf32f7e8,InnerRewards,tech,9.0,2008,1000000,"{'type': 'Point', 'coordinates': [-122.404403, 37.78691]}",37.78691,-122.404403,San Francisco,USA,80,12500.0,52.575,251.0,3.5,292.0,270.20000000000005
199,5dd655028accc5aeaf32f7d4,AdRocket,tech,5.0,2008,1000000,"{'type': 'Point', 'coordinates': [-122.419204, 37.775196]}",37.775196,-122.419204,San Francisco,USA,80,12500.0,52.575,251.0,3.5,292.0,270.20000000000005
200,5dd655028accc5aeaf32f7aa,AdRocket,tech,5.0,2008,1000000,"{'type': 'Point', 'coordinates': [-122.419204, 37.775196]}",37.775196,-122.419204,San Francisco,USA,80,12500.0,52.575,251.0,3.5,292.0,270.20000000000005
201,5dd655028accc5aeaf32f7c2,InnerRewards,tech,9.0,2008,1000000,"{'type': 'Point', 'coordinates': [-122.404403, 37.78691]}",37.78691,-122.404403,San Francisco,USA,80,12500.0,52.575,251.0,3.5,292.0,270.20000000000005
202,5dd655028accc5aeaf32f705,Social Gaming Network,tech,100.0,2011,17100000,"{'type': 'Point', 'coordinates': [-122.161523, 37.446823]}",37.446823,-122.161523,Los Angeles,USA,16,1068750.0,23.625,60.5,193.0,198.0,269.9
203,5dd655028accc5aeaf32f8b3,Smallaa,tech,5.0,2008,3000000,"{'type': 'Point', 'coordinates': [-121.928393, 37.39458]}",37.39458,-121.928393,San Jose,USA,4,750000.0,40.25,158.0,172.5,88.5,268.2
204,5dd655028accc5aeaf32f8d3,Samasource,enterprise,25.0,2008,1210000,"{'type': 'Point', 'coordinates': [-122.401803, 37.778991]}",37.778991,-122.401803,San Francisco,USA,81,14938.271604938273,52.148148148148145,221.0,7.0,322.0,267.0
205,5dd655028accc5aeaf32f830,Adjug,tech,47.0,2007,6500000,"{'type': 'Point', 'coordinates': [-0.1506897, 51.5441671]}",51.5441671,-0.1506897,London,GBR,11,590909.0909090909,31.09090909090909,124.0,154.0,173.0,266.8
206,5dd655028accc5aeaf32f6f1,Shoeboxed,tech,70.0,2007,2510000,"{'type': 'Point', 'coordinates': [-78.902115, 35.996157]}",35.996157,-78.902115,Durham,USA,2,1255000.0,37.0,145.0,212.0,23.5,266.0
207,5dd655028accc5aeaf32f8c0,Busca Corp,tech,45.0,2007,5000000,"{'type': 'Point', 'coordinates': [-117.274602, 32.841791]}",32.841791,-117.274602,La Jolla,USA,2,2500000.0,25.0,81.0,258.0,23.5,264.4
208,5dd655028accc5aeaf32f80b,Yipit,tech,23.0,2010,7550000,"{'type': 'Point', 'coordinates': [-73.987764, 40.744618]}",40.744618,-73.987764,New York,USA,47,160638.29787234042,45.680851063829785,178.0,64.0,264.0,263.6
209,5dd655028accc5aeaf32f89d,Home-Account,finance,10.0,2008,1000000,"{'type': 'Point', 'coordinates': [-122.391686, 37.778551]}",37.778551,-122.391686,San Francisco,USA,81,12345.67901234568,52.148148148148145,221.0,1.0,322.0,262.20000000000005
210,5dd655028accc5aeaf32f8f2,Layar,tech,32.0,2009,13400000,"{'type': 'Point', 'coordinates': [4.8928722, 52.3657578]}",52.3657578,4.8928722,Amsterdam,NLD,6,2233333.3333333335,12.0,19.5,249.0,128.0,262.1
211,5dd655028accc5aeaf32f70a,Redux,tech,11.0,2007,8109999,"{'type': 'Point', 'coordinates': [-122.269494, 37.87168]}",37.87168,-122.269494,Berkeley,USA,2,4054999.5,18.0,42.5,284.0,23.5,262.1
212,5dd655028accc5aeaf32f86d,Outright,enterprise,20.0,2008,7500000,"{'type': 'Point', 'coordinates': [-121.942932, 37.287285]}",37.287285,-121.942932,Mountain View,USA,5,1500000.0,23.8,65.0,225.0,106.5,261.6
213,5dd655028accc5aeaf32f7f0,Gowalla,tech,22.0,2007,10400000,"{'type': 'Point', 'coordinates': [-97.7443863, 30.2729209]}",30.2729209,-97.7443863,Austin,USA,5,2080000.0,17.6,39.5,244.0,106.5,261.5
214,5dd655028accc5aeaf32f896,ividence,tech,30.0,2008,9700000,"{'type': 'Point', 'coordinates': [2.3347594, 48.8682244]}",48.8682244,2.3347594,Paris,FRA,11,881818.1818181818,24.727272727272727,77.5,180.0,173.0,259.7
215,5dd655028accc5aeaf32f891,Cognitive Match,tech,40.0,2009,10200000,"{'type': 'Point', 'coordinates': [-0.0936688, 51.5119418]}",51.5119418,-0.0936688,London,GBR,16,637500.0,24.375,74.0,165.0,198.0,255.60000000000002
216,5dd655028accc5aeaf32f858,PEX Card,tech,11.0,2007,5700000,"{'type': 'Point', 'coordinates': [-73.987871, 40.752539]}",40.752539,-73.987871,New York,USA,45,126666.66666666667,46.71111111111111,187.0,53.0,251.5,255.20000000000005
217,5dd655028accc5aeaf32f6d5,Docstoc,tech,40.0,2007,4000000,"{'type': 'Point', 'coordinates': [-118.495025, 34.018275]}",34.018275,-118.495025,Santa Monica,USA,10,400000.0,38.3,150.0,126.0,161.0,255.20000000000002
218,5dd655028accc5aeaf32f8fa,Struq,tech,50.0,2008,8500000,"{'type': 'Point', 'coordinates': [-0.1366861, 51.5152023]}",51.5152023,-0.1366861,London,GBR,19,447368.4210526316,26.210526315789473,93.0,137.0,222.5,254.4
219,5dd655028accc5aeaf32f75f,CrimeReports,tech,22.0,2007,7200000,"{'type': 'Point', 'coordinates': [-111.858835, 40.726342]}",40.726342,-111.858835,Salt Lake City,USA,2,3600000.0,16.0,36.5,278.0,23.5,253.70000000000002
220,5dd655028accc5aeaf32f6c5,MeetMoi,social,15.0,2007,5580000,"{'type': 'Point', 'coordinates': [-73.985506, 40.757929]}",40.757929,-73.985506,New York City,USA,45,124000.0,46.71111111111111,187.0,51.0,251.5,253.60000000000002
221,5dd655028accc5aeaf32f8fb,ChallengePost,tech,17.0,2009,4600000,"{'type': 'Point', 'coordinates': [-74.00717, 40.7408042]}",40.7408042,-74.00717,New York,USA,45,102222.22222222222,47.51111111111111,196.0,43.0,251.5,252.60000000000002
222,5dd655028accc5aeaf32f850,RJMetrics,tech,20.0,2008,7450000,"{'type': 'Point', 'coordinates': [-75.1257381, 39.9443552]}",39.9443552,-75.1257381,Philadelphia,USA,2,3725000.0,14.5,30.5,279.0,23.5,250.90000000000003
223,5dd655028accc5aeaf32f70c,ModiFace,tech,35.0,2007,4250000,"{'type': 'Point', 'coordinates': [-79.388279, 43.666953]}",43.666953,-79.388279,Toronto,CAN,5,850000.0,28.0,106.5,179.0,106.5,249.70000000000002
224,5dd655028accc5aeaf32f7eb,Buzzd,tech,9.0,2007,4000000,"{'type': 'Point', 'coordinates': [-73.991334, 40.733928]}",40.733928,-73.991334,New York,USA,45,88888.88888888889,47.51111111111111,196.0,38.0,251.5,248.60000000000002
225,5dd655028accc5aeaf32f8fc,StyleCaster,tech,60.0,2008,5000000,"{'type': 'Point', 'coordinates': [-73.9900984, 40.7450497]}",40.7450497,-73.9900984,New York City,USA,47,106382.97872340426,45.680851063829785,178.0,45.0,264.0,248.40000000000003
226,5dd655028accc5aeaf32f806,Wiggio,enterprise,4.0,2008,2940000,"{'type': 'Point', 'coordinates': [-71.0597732, 42.3584308]}",42.3584308,-71.0597732,Boston,USA,9,326666.6666666667,41.55555555555556,164.0,112.0,151.0,248.4
227,5dd655028accc5aeaf32f816,Infoaxe,tech,5.0,2007,3900000,"{'type': 'Point', 'coordinates': [-121.987661, 37.386774]}",37.386774,-121.987661,Sunnyvale,USA,5,780000.0,28.6,109.5,175.0,106.5,248.29999999999998
228,5dd655028accc5aeaf32f8c7,Servo Software,tech,40.0,2008,3010000,"{'type': 'Point', 'coordinates': [-122.292146, 37.552262]}",37.552262,-122.292146,San Mateo,USA,10,301000.0,44.4,171.5,99.0,161.0,246.5
229,5dd655028accc5aeaf32f718,Sprout,tech,18.0,2008,8300000,"{'type': 'Point', 'coordinates': [-157.8086025, 21.30829]}",21.30829,-157.8086025,Honolulu,USA,3,2766666.6666666665,8.666666666666666,10.0,267.0,64.5,245.40000000000003
230,5dd655028accc5aeaf32f84f,Juneau Biosciences,tech,10.0,2007,5290000,"{'type': 'Point', 'coordinates': [-111.81104, 40.718033]}",40.718033,-111.81104,Salt Lake City,USA,2,2645000.0,16.0,36.5,264.0,23.5,242.50000000000003
231,5dd655028accc5aeaf32f868,Shutl,tech,10.0,2009,7660000,"{'type': 'Point', 'coordinates': [-0.1020265, 51.5196135]}",51.5196135,-0.1020265,London,GBR,18,425555.55555555556,25.11111111111111,84.0,131.0,215.0,241.20000000000002
232,5dd655028accc5aeaf32f87a,HItviews,tech,12.0,2007,2290000,"{'type': 'Point', 'coordinates': [-73.991535, 40.733201]}",40.733201,-73.991535,New York City,USA,45,50888.88888888889,47.51111111111111,196.0,28.0,251.5,240.60000000000002
233,5dd655028accc5aeaf32f7cd,Occipital,tech,9.0,2008,8020000,"{'type': 'Point', 'coordinates': [-105.278109, 40.018145]}",40.018145,-105.278109,Boulder,USA,5,1604000.0,14.2,26.5,227.5,106.5,240.5
234,5dd655028accc5aeaf32f7a0,Occipital,tech,9.0,2008,8020000,"{'type': 'Point', 'coordinates': [-105.278109, 40.018145]}",40.018145,-105.278109,Boulder,USA,5,1604000.0,14.2,26.5,227.5,106.5,240.5
235,5dd655028accc5aeaf32f829,Revelation,tech,12.0,2007,2370000,"{'type': 'Point', 'coordinates': [-122.655545, 45.504407]}",45.504407,-122.655545,Portland,USA,4,592500.0,34.0,134.5,155.0,88.5,240.1
236,5dd655028accc5aeaf32f856,Pictela,tech,20.0,2008,3500000,"{'type': 'Point', 'coordinates': [-73.986951, 40.756054]}",40.756054,-73.986951,New York,USA,45,77777.77777777778,46.71111111111111,187.0,34.0,251.5,240.0
237,5dd655028accc5aeaf32f84c,Busuu,social,25.0,2008,4700000,"{'type': 'Point', 'coordinates': [-3.6830316, 40.4225487]}",40.4225487,-3.6830316,Madrid,ESP,3,1566666.6666666667,23.333333333333332,55.0,226.0,64.5,239.60000000000002
238,5dd655028accc5aeaf32f809,Zoopla,real_estate,50.0,2007,10200000,"{'type': 'Point', 'coordinates': [-0.1010801, 51.5037471]}",51.5037471,-0.1010801,London,GBR,17,600000.0,23.176470588235293,52.5,156.5,205.5,238.89999999999998
239,5dd655028accc5aeaf32f71f,Mytopia,tech,29.0,2007,3500000,"{'type': 'Point', 'coordinates': [-118.489681, 34.007967]}",34.007967,-118.489681,Palo Alto,USA,11,318181.8181818182,35.09090909090909,139.0,107.0,173.0,238.2
240,5dd655028accc5aeaf32f7c7,Koofers,education,9.0,2008,7000000,"{'type': 'Point', 'coordinates': [-80.4164606, 37.2322135]}",37.2322135,-80.4164606,Blacksburg,USA,2,3500000.0,9.0,12.5,276.5,23.5,238.10000000000002
241,5dd655028accc5aeaf32f796,Koofers,education,9.0,2008,7000000,"{'type': 'Point', 'coordinates': [-80.4164606, 37.2322135]}",37.2322135,-80.4164606,Blacksburg,USA,2,3500000.0,9.0,12.5,276.5,23.5,238.10000000000002
242,5dd655028accc5aeaf32f7a5,iCharts,tech,16.0,2008,3100000,"{'type': 'Point', 'coordinates': [-122.012475, 37.384239]}",37.384239,-122.012475,Sunnyvale,USA,5,620000.0,28.6,109.5,160.5,106.5,236.70000000000002
243,5dd655028accc5aeaf32f7dc,iCharts,tech,16.0,2008,3100000,"{'type': 'Point', 'coordinates': [-122.012475, 37.384239]}",37.384239,-122.012475,Sunnyvale,USA,5,620000.0,28.6,109.5,160.5,106.5,236.70000000000002
244,5dd655028accc5aeaf32f902,Homesnap,tech,18.0,2008,5500000,"{'type': 'Point', 'coordinates': [-77.084811, 38.960381]}",38.960381,-77.084811,Washington,USA,2,2750000.0,14.0,23.5,266.0,23.5,236.3
245,5dd655028accc5aeaf32f82c,People Capital,tech,10.0,2008,2500000,"{'type': 'Point', 'coordinates': [-73.986951, 40.756054]}",40.756054,-73.986951,New York,USA,45,55555.555555555555,46.71111111111111,187.0,29.0,251.5,236.0
246,5dd655028accc5aeaf32f73d,MUBI,tech,20.0,2007,8250000,"{'type': 'Point', 'coordinates': [-122.161025, 37.44236]}",37.44236,-122.161025,Palo Alto,USA,16,515625.0,23.625,60.5,148.0,198.0,233.89999999999998
247,5dd655028accc5aeaf32f7d6,Burt,tech,30.0,2009,3500000,"{'type': 'Point', 'coordinates': [18.036587, 59.337864]}",59.337864,18.036587,Gothenburg,SWE,3,1166666.6666666667,24.0,70.0,207.0,64.5,233.40000000000003
248,5dd655028accc5aeaf32f7ae,Burt,tech,30.0,2009,3500000,"{'type': 'Point', 'coordinates': [18.036587, 59.337864]}",59.337864,18.036587,Gothenburg,SWE,3,1166666.6666666667,24.0,70.0,207.0,64.5,233.40000000000003
249,5dd655028accc5aeaf32f71b,Gnip,enterprise,34.0,2008,6640000,"{'type': 'Point', 'coordinates': [-105.274628, 40.019299]}",40.019299,-105.274628,Boulder,USA,5,1328000.0,14.2,26.5,216.0,106.5,231.3
250,5dd655028accc5aeaf32f824,HyperWeek,social,5.0,2009,1310000,"{'type': 'Point', 'coordinates': [6.1503245, 46.2121463]}",46.2121463,6.1503245,Geneva,CHE,2,655000.0,37.5,146.5,167.0,23.5,230.9
251,5dd655028accc5aeaf32f81c,Unigo,education,9.0,2008,2000000,"{'type': 'Point', 'coordinates': [-73.9793465, 40.7568493]}",40.7568493,-73.9793465,New York,USA,45,44444.444444444445,46.71111111111111,187.0,22.0,251.5,230.40000000000003
252,5dd655028accc5aeaf32f8ff,Teambox,tech,35.0,2009,6750000,"{'type': 'Point', 'coordinates': [2.1920231, 41.4063346]}",41.4063346,2.1920231,Barcelona,ESP,6,1125000.0,14.5,30.5,201.0,128.0,230.3
253,5dd655028accc5aeaf32f6eb,WEbook,tech,10.0,2007,5000000,"{'type': 'Point', 'coordinates': [-77.095965, 38.984172]}",38.984172,-77.095965,New York,USA,2,2500000.0,14.0,23.5,258.0,23.5,229.9
254,5dd655028accc5aeaf32f6e0,PeekYou,tech,20.0,2012,1830000,"{'type': 'Point', 'coordinates': [-73.985506, 40.757929]}",40.757929,-73.985506,New York,USA,45,40666.666666666664,46.71111111111111,187.0,21.0,251.5,229.60000000000002
255,5dd655028accc5aeaf32f726,Zemanta,tech,30.0,2007,7350000,"{'type': 'Point', 'coordinates': [-0.0934254, 51.5141566]}",51.5141566,-0.0934254,London,GBR,17,432352.9411764706,23.823529411764707,67.5,132.0,205.5,228.3
256,5dd655028accc5aeaf32f7f8,Radionomy,music,12.0,2007,6000000,"{'type': 'Point', 'coordinates': [4.33511, 50.831147]}",50.831147,4.33511,Brussels,BEL,3,2000000.0,10.0,15.0,241.0,64.5,227.60000000000002
257,5dd655028accc5aeaf32f6ef,Goodreads,tech,70.0,2007,2750000,"{'type': 'Point', 'coordinates': [-118.495981, 34.01052]}",34.01052,-118.495981,Santa Monica,USA,11,250000.0,35.09090909090909,139.0,91.0,173.0,225.39999999999998
258,5dd655028accc5aeaf32f7b6,Tweegee,tech,22.0,2008,3000000,"{'type': 'Point', 'coordinates': [34.8003705, 32.037363]}",32.037363,34.8003705,Ramat Gan,ISR,6,500000.0,26.5,96.0,144.0,128.0,224.0
259,5dd655028accc5aeaf32f736,Salesconx,enterprise,15.0,2008,1300000,"{'type': 'Point', 'coordinates': [-73.98459, 40.759243]}",40.759243,-73.98459,New York,USA,45,28888.88888888889,46.71111111111111,187.0,14.0,251.5,224.0
260,5dd655028accc5aeaf32f7de,Tweegee,tech,22.0,2008,3000000,"{'type': 'Point', 'coordinates': [34.8003705, 32.037363]}",32.037363,34.8003705,Ramat Gan,ISR,6,500000.0,26.5,96.0,144.0,128.0,224.0
261,5dd655028accc5aeaf32f73b,TeachStreet,tech,8.0,2007,3450000,"{'type': 'Point', 'coordinates': [-122.3370801, 47.6171788]}",47.6171788,-122.3370801,Seattle,USA,11,313636.36363636365,30.09090909090909,116.5,105.0,173.0,223.09999999999997
262,5dd655028accc5aeaf32f8bf,Infochimps,enterprise,24.0,2009,5350000,"{'type': 'Point', 'coordinates': [-97.7588828, 30.2734822]}",30.2734822,-97.7588828,Austin,USA,5,1070000.0,17.6,39.5,194.0,106.5,221.5
263,5dd655028accc5aeaf32f872,Mashup Arts,tech,6.0,2007,1580000,"{'type': 'Point', 'coordinates': [-79.3777473, 43.648786]}",43.648786,-79.3777473,Halifax,CAN,4,395000.0,34.0,134.5,125.0,88.5,216.1
264,5dd655028accc5aeaf32f8ad,oneforty,enterprise,5.0,2009,2350000,"{'type': 'Point', 'coordinates': [-71.101375, 42.364014]}",42.364014,-71.101375,Cambridge,USA,12,195833.33333333334,32.833333333333336,131.5,78.0,183.0,214.5
265,5dd655028accc5aeaf32f7ce,UsingMiles,travel,15.0,2010,3270000,"{'type': 'Point', 'coordinates': [-104.9998449, 39.749671]}",39.749671,-104.9998449,Denver,USA,2,1635000.0,15.0,34.0,229.5,23.5,213.40000000000003
266,5dd655028accc5aeaf32f7a9,UsingMiles,travel,15.0,2010,3270000,"{'type': 'Point', 'coordinates': [-104.9998449, 39.749671]}",39.749671,-104.9998449,Denver,USA,2,1635000.0,15.0,34.0,229.5,23.5,213.40000000000003
267,5dd655028accc5aeaf32f8a0,Snipi,tech,9.0,2007,4030000,"{'type': 'Point', 'coordinates': [-75.1618758, 39.9502045]}",39.9502045,-75.1618758,Philadelphia,USA,3,1343333.3333333333,13.0,22.0,218.0,64.5,213.4
268,5dd655028accc5aeaf32f83f,PrestaShop,tech,80.0,2007,3900000,"{'type': 'Point', 'coordinates': [2.3593849, 48.8687217]}",48.8687217,2.3593849,Levallois-Perret,FRA,11,354545.45454545453,24.727272727272727,77.5,121.0,173.0,212.5
269,5dd655028accc5aeaf32f6d8,OrganizedWisdom,other,18.0,2007,2800000,"{'type': 'Point', 'coordinates': [-73.981709, 40.775537]}",40.775537,-73.981709,New York,USA,35,80000.0,39.457142857142856,154.0,35.0,230.0,212.39999999999998
270,5dd655028accc5aeaf32f7e5,3scale,enterprise,15.0,2007,5000000,"{'type': 'Point', 'coordinates': [2.192023, 41.406335]}",41.406335,2.192023,Barcelona,ESP,6,833333.3333333334,14.5,30.5,177.0,128.0,211.10000000000002
271,5dd655028accc5aeaf32f7bc,3scale,enterprise,15.0,2007,5000000,"{'type': 'Point', 'coordinates': [2.192023, 41.406335]}",41.406335,2.192023,Barcelona,ESP,6,833333.3333333334,14.5,30.5,177.0,128.0,211.10000000000002
272,5dd655028accc5aeaf32f6f0,Flixwagon,tech,10.0,2007,2500000,"{'type': 'Point', 'coordinates': [34.7595, 32.0554]}",32.0554,34.7595,Tel-Aviv,ISR,6,416666.6666666667,26.5,96.0,127.5,128.0,210.8
273,5dd655028accc5aeaf32f6d2,Seedcamp,finance,4.0,2007,5000000,"{'type': 'Point', 'coordinates': [-0.1418973, 51.5108803]}",51.5108803,-0.1418973,London,GBR,18,277777.77777777775,24.88888888888889,80.0,95.0,215.0,210.0
274,5dd655028accc5aeaf32f76f,Bambuser,tech,12.0,2007,2500000,"{'type': 'Point', 'coordinates': [18.064488, 59.332788]}",59.332788,18.064488,Stockholm,SWE,3,833333.3333333334,24.0,70.0,177.0,64.5,209.4
275,5dd655028accc5aeaf32f8e1,Kwaga,tech,10.0,2008,2150000,"{'type': 'Point', 'coordinates': [2.3389864, 48.8318497]}",48.8318497,2.3389864,Paris,FRA,7,307142.85714285716,30.571428571428573,120.0,101.0,141.0,209.20000000000002
276,5dd655028accc5aeaf32f742,Smarkets,sports,15.0,2008,2710000,"{'type': 'Point', 'coordinates': [-0.130772, 51.550757]}",51.550757,-0.130772,London,GBR,13,208461.53846153847,29.384615384615383,112.0,83.0,188.0,208.8
277,5dd655028accc5aeaf32f772,Aloqa,tech,14.0,2007,1500000,"{'type': 'Point', 'coordinates': [11.5677288, 48.1281209]}",48.1281209,11.5677288,Munich,DEU,2,750000.0,27.0,102.0,172.5,23.5,208.6
278,5dd655028accc5aeaf32f709,AdoTube,tech,160.0,2007,1230000,"{'type': 'Point', 'coordinates': [-73.97593, 40.752672]}",40.752672,-73.97593,New York,USA,43,28604.6511627907,43.30232558139535,168.0,13.0,242.0,208.0
279,5dd655028accc5aeaf32f72c,eRepublik,tech,30.0,2007,2750000,"{'type': 'Point', 'coordinates': [-3.6952896, 40.43094]}",40.43094,-3.6952896,Madrid,ESP,3,916666.6666666666,23.333333333333332,55.0,184.0,64.5,206.00000000000003
280,5dd655028accc5aeaf32f7ec,DealBase Corporation,tech,3.0,2008,1000000,"{'type': 'Point', 'coordinates': [-122.3277578, 37.5758867]}",37.5758867,-122.3277578,Manhattan Beach,USA,11,90909.09090909091,45.63636363636363,176.0,39.0,173.0,206.0
281,5dd655028accc5aeaf32f75e,OtherInbox,tech,14.0,2008,3800000,"{'type': 'Point', 'coordinates': [-97.740395, 30.269004]}",30.269004,-97.740395,Austin,USA,5,760000.0,17.6,39.5,174.0,106.5,205.5
282,5dd655028accc5aeaf32f763,Syncplicity,enterprise,25.0,2008,2350000,"{'type': 'Point', 'coordinates': [-122.477959, 37.814202]}",37.814202,-122.477959,Menlo Park,USA,2,1175000.0,18.5,46.0,209.0,23.5,204.20000000000002
283,5dd655028accc5aeaf32f8ba,CoTweet,tech,18.0,2009,1100000,"{'type': 'Point', 'coordinates': [-122.3764714, 37.7405936]}",37.7405936,-122.3764714,San Francisco,USA,22,50000.0,38.13636363636363,149.0,25.5,226.0,200.2
284,5dd655028accc5aeaf32f842,Drync,tech,8.0,2008,1770000,"{'type': 'Point', 'coordinates': [-71.14462, 42.376862]}",42.376862,-71.14462,Boston,USA,5,354000.0,27.0,102.0,120.0,106.5,199.79999999999998
285,5dd655028accc5aeaf32f8c2,Milo,tech,20.0,2008,4950000,"{'type': 'Point', 'coordinates': [-122.163352, 37.444531]}",37.444531,-122.163352,Palo Alto,USA,16,309375.0,23.625,60.5,103.0,198.0,197.9
286,5dd655028accc5aeaf32f7ab,Producteev,tech,10.0,2008,1310000,"{'type': 'Point', 'coordinates': [-73.983656, 40.775309]}",40.775309,-73.983656,New York,USA,35,37428.57142857143,39.457142857142856,154.0,16.5,230.0,197.6
287,5dd655028accc5aeaf32f7d3,Producteev,tech,10.0,2008,1310000,"{'type': 'Point', 'coordinates': [-73.983656, 40.775309]}",40.775309,-73.983656,New York,USA,35,37428.57142857143,39.457142857142856,154.0,16.5,230.0,197.6
288,5dd655028accc5aeaf32f8ae,Musicmetric,music,15.0,2008,3400000,"{'type': 'Point', 'coordinates': [-0.0856982, 51.5253765]}",51.5253765,-0.0856982,London,GBR,18,188888.88888888888,25.11111111111111,84.0,76.0,215.0,197.2
289,5dd655028accc5aeaf32f733,Iterasi,enterprise,6.0,2007,1200000,"{'type': 'Point', 'coordinates': [-122.670132, 45.523104]}",45.523104,-122.670132,Portland,USA,4,300000.0,34.0,134.5,98.0,88.5,194.50000000000003
290,5dd655028accc5aeaf32f905,Culture Jam,tech,15.0,2008,1700000,"{'type': 'Point', 'coordinates': [-118.4660597, 34.0137151]}",34.0137151,-118.4660597,Los Angeles,USA,13,130769.23076923077,30.76923076923077,123.0,55.0,188.0,193.0
291,5dd655028accc5aeaf32f77a,TweetDeck,tech,5.0,2008,3800000,"{'type': 'Point', 'coordinates': [-0.1262362, 51.5001524]}",51.5001524,-0.1262362,London,GBR,16,237500.0,24.125,72.5,87.0,198.0,192.3
292,5dd655028accc5aeaf32f702,Bragster,tech,10.0,2007,3500000,"{'type': 'Point', 'coordinates': [-0.0766034, 51.5220072]}",51.5220072,-0.0766034,London,GBR,17,205882.35294117648,23.823529411764707,67.5,82.0,205.5,188.3
293,5dd655028accc5aeaf32f7fe,Britely,tech,11.0,2007,3900000,"{'type': 'Point', 'coordinates': [-122.172519, 37.458766]}",37.458766,-122.172519,Palo Alto,USA,16,243750.0,23.625,60.5,89.5,198.0,187.10000000000002
294,5dd655028accc5aeaf32f8fd,Testplant,tech,50.0,2008,2560000,"{'type': 'Point', 'coordinates': [-0.1037742, 51.517356]}",51.517356,-0.1037742,London,GBR,18,142222.22222222222,25.11111111111111,84.0,61.0,215.0,185.2
295,5dd655028accc5aeaf32f79d,Onehub,enterprise,10.0,2007,3000000,"{'type': 'Point', 'coordinates': [-122.145038, 47.580235]}",47.580235,-122.145038,Seattle,USA,3,1000000.0,7.333333333333333,7.5,187.5,64.5,180.3
296,5dd655028accc5aeaf32f7ca,Onehub,enterprise,10.0,2007,3000000,"{'type': 'Point', 'coordinates': [-122.145038, 47.580235]}",47.580235,-122.145038,Seattle,USA,3,1000000.0,7.333333333333333,7.5,187.5,64.5,180.3
297,5dd655028accc5aeaf32f7b2,Foodista,hospitality,3.0,2008,1300000,"{'type': 'Point', 'coordinates': [-122.3564234, 47.6254784]}",47.6254784,-122.3564234,Seattle,USA,11,118181.81818181818,30.09090909090909,116.5,48.5,173.0,177.89999999999998
298,5dd655028accc5aeaf32f7df,Foodista,hospitality,3.0,2008,1300000,"{'type': 'Point', 'coordinates': [-122.3564234, 47.6254784]}",47.6254784,-122.3564234,Seattle,USA,11,118181.81818181818,30.09090909090909,116.5,48.5,173.0,177.89999999999998
299,5dd655028accc5aeaf32f6d7,EyeJot,tech,5.0,2007,1150000,"{'type': 'Point', 'coordinates': [-122.3276962, 47.5999337]}",47.5999337,-122.3276962,Seattle,USA,10,115000.0,31.3,126.0,46.0,161.0,176.8
300,5dd655028accc5aeaf32f881,Mendeley,social,27.0,2008,2130000,"{'type': 'Point', 'coordinates': [-0.1046546, 51.5224267]}",51.5224267,-0.1046546,London,GBR,18,118333.33333333333,25.11111111111111,84.0,50.0,215.0,176.4
301,5dd655028accc5aeaf32f773,Idea Shower,public_relations,1.0,2007,2300000,"{'type': 'Point', 'coordinates': [-93.264351, 44.977482]}",44.977482,-93.264351,Minneapolis,USA,2,1150000.0,6.5,5.0,203.0,23.5,174.8
302,5dd655028accc5aeaf32f8ef,RxVantage,enterprise,15.0,2008,2750000,"{'type': 'Point', 'coordinates': [-118.3814329, 34.030479]}",34.030479,-118.3814329,Culver City,USA,5,550000.0,11.8,17.0,150.5,106.5,173.2
303,5dd655028accc5aeaf32f75d,Tapulous,tech,15.0,2008,2800000,"{'type': 'Point', 'coordinates': [-122.161018, 37.444332]}",37.444332,-122.161018,Palo Alto,USA,16,175000.0,23.625,60.5,71.0,198.0,172.3
304,5dd655028accc5aeaf32f805,SocialGO,social,12.0,2007,3000000,"{'type': 'Point', 'coordinates': [-0.0925694, 51.5027669]}",51.5027669,-0.0925694,London,GBR,17,176470.58823529413,23.176470588235293,52.5,72.0,205.5,171.3
305,5dd655028accc5aeaf32f845,EcoVadis,tech,50.0,2007,1400000,"{'type': 'Point', 'coordinates': [2.3216223, 48.8545738]}",48.8545738,2.3216223,PARIS,FRA,10,140000.0,25.2,87.0,59.5,161.0,164.2
306,5dd655028accc5aeaf32f86f,Alerts,public_relations,5.0,2007,1200000,"{'type': 'Point', 'coordinates': [-122.1961785, 47.6115873]}",47.6115873,-122.1961785,Bellevue,USA,2,600000.0,20.0,47.5,156.5,23.5,163.1
307,5dd655028accc5aeaf32f6e1,UpDown,tech,5.0,2007,1750000,"{'type': 'Point', 'coordinates': [-71.118487, 42.375392]}",42.375392,-71.118487,Cambridge,USA,6,291666.6666666667,23.333333333333332,55.0,97.0,128.0,161.8
308,5dd655028accc5aeaf32f6fa,clipsync,tech,28.0,2007,1510000,"{'type': 'Point', 'coordinates': [-121.9317853, 37.2906027]}",37.2906027,-121.9317853,San Francisco,USA,5,302000.0,23.8,65.0,100.0,106.5,161.6
309,5dd655028accc5aeaf32f8e6,Ykone,tech,10.0,2009,1500000,"{'type': 'Point', 'coordinates': [2.3509871, 48.8566667]}",48.8566667,2.3509871,Paris,FRA,11,136363.63636363635,24.727272727272727,77.5,57.0,173.0,161.3
310,5dd655028accc5aeaf32f8d2,Rue89,news,20.0,2007,1840000,"{'type': 'Point', 'coordinates': [2.3935987, 48.8711089]}",48.8711089,2.3935987,,FRA,9,204444.44444444444,23.555555555555557,57.0,81.0,151.0,159.4
311,5dd655028accc5aeaf32f8bc,WEEZEVENT,tech,20.0,2008,1100000,"{'type': 'Point', 'coordinates': [2.4476331, 48.8952712]}",48.8952712,2.4476331,Paris,FRA,2,550000.0,20.0,47.5,150.5,23.5,158.3
312,5dd655028accc5aeaf32f777,Myngle,education,17.0,2007,2100000,"{'type': 'Point', 'coordinates': [4.912106, 52.354525]}",52.354525,4.912106,Amsterdam,NLD,6,350000.0,12.0,19.5,118.5,128.0,157.70000000000002
313,5dd655028accc5aeaf32f6ca,Filtrbox,tech,14.0,2007,1920000,"{'type': 'Point', 'coordinates': [-105.276843, 40.010492]}",40.010492,-105.276843,Palo Alto,USA,5,384000.0,14.2,26.5,124.0,106.5,157.7
314,5dd655028accc5aeaf32f869,Socialize,tech,10.0,2008,1820000,"{'type': 'Point', 'coordinates': [-76.998641, 38.88521]}",38.88521,-76.998641,San Francisco,USA,3,606666.6666666666,4.0,1.0,158.0,64.5,152.8
315,5dd655028accc5aeaf32f766,rVita,tech,6.0,2007,1000000,"{'type': 'Point', 'coordinates': [-121.978821, 37.398476]}",37.398476,-121.978821,Santa Clara,USA,6,166666.66666666666,24.666666666666668,75.0,67.5,128.0,150.2
316,5dd655028accc5aeaf32f8ed,oneDrum,enterprise,5.0,2008,1000000,"{'type': 'Point', 'coordinates': [-0.1262362, 51.5001524]}",51.5001524,-0.1262362,London,GBR,16,62500.0,24.125,72.5,32.0,198.0,148.3
317,5dd655028accc5aeaf32f75a,SquareClock,tech,10.0,2007,1250000,"{'type': 'Point', 'coordinates': [2.2860418, 48.9064804]}",48.9064804,2.2860418,Asnieres sur seine,FRA,3,416666.6666666667,15.0,34.0,127.5,64.5,148.20000000000002
318,5dd655028accc5aeaf32f724,MindBites,tech,15.0,2007,1000000,"{'type': 'Point', 'coordinates': [-95.712891, 37.09024]}",37.09024,-95.712891,,USA,3,333333.3333333333,18.333333333333332,44.5,115.0,64.5,144.5
319,5dd655028accc5aeaf32f804,Dukky,tech,15.0,2008,1000000,"{'type': 'Point', 'coordinates': [-90.082202, 29.973994]}",29.973994,-90.082202,Mandeville,USA,2,500000.0,10.0,15.0,144.0,23.5,133.6
320,5dd655028accc5aeaf32f909,Getyoo,tech,10.0,2009,1130000,"{'type': 'Point', 'coordinates': [4.3464721, 50.83997]}",50.83997,4.3464721,Brussels,BEL,3,376666.6666666667,10.0,15.0,123.0,64.5,133.20000000000002
321,5dd655028accc5aeaf32f71d,XIHA,tech,8.0,2007,1000000,"{'type': 'Point', 'coordinates': [24.9410012, 60.1681494]}",60.1681494,24.9410012,Helsinki,FIN,2,500000.0,7.0,6.0,144.0,23.5,128.2
322,5dd655028accc5aeaf32f7cc,ReTel Technologies,tech,5.0,2007,1000000,"{'type': 'Point', 'coordinates': [-87.596232, 41.78942]}",41.78942,-87.596232,San Francisco,USA,2,500000.0,5.0,2.5,144.0,23.5,126.10000000000001
323,5dd655028accc5aeaf32f79f,ReTel Technologies,tech,5.0,2007,1000000,"{'type': 'Point', 'coordinates': [-87.596232, 41.78942]}",41.78942,-87.596232,San Francisco,USA,2,500000.0,5.0,2.5,144.0,23.5,126.10000000000001
324,5dd655028accc5aeaf32f7d1,travelmob,travel,4.0,2011,1000000,"{'type': 'Point', 'coordinates': [-157.78907, 21.303049]}",21.303049,-157.78907,Singapore,SGP,3,333333.3333333333,8.666666666666666,10.0,115.0,64.5,123.8
325,5dd655028accc5aeaf32f79c,travelmob,travel,4.0,2011,1000000,"{'type': 'Point', 'coordinates': [-157.78907, 21.303049]}",21.303049,-157.78907,Singapore,SGP,3,333333.3333333333,8.666666666666666,10.0,115.0,64.5,123.8
326,5dd655028accc5aeaf32f89f,Republic Project,tech,11.0,2008,1000000,"{'type': 'Point', 'coordinates': [-111.8931647, 33.6156634]}",33.6156634,-111.8931647,Santa Monica,USA,3,333333.3333333333,6.0,4.0,115.0,64.5,120.2
327,5dd655028accc5aeaf32f6c8,Wakoopa,tech,8.0,2007,1000000,"{'type': 'Point', 'coordinates': [4.8948623, 52.3745228]}",52.3745228,4.8948623,Amsterdam,NLD,6,166666.66666666666,12.0,19.5,67.5,128.0,116.9
